I	IFRG	J	JFRG	COMPONENT	ENERGY	TOTAL
2	A002	1	G001	ES	-9254.498	-9525.520
2	A002	1	G001	EX	-154.256	-9525.520
2	A002	1	G001	CT	-80.457	-9525.520
2	A002	1	G001	DI	-36.310	-9525.520
2	A002	1	G001	SOL	0.000	-9525.520
3	C003	1	G001	ES	16.270	16.270
3	C003	1	G001	EX	0.000	16.270
3	C003	1	G001	CT	0.000	16.270
3	C003	1	G001	DI	0.000	16.270
3	C003	1	G001	SOL	0.000	16.270
3	C003	2	A002	ES	-9247.479	-9516.529
3	C003	2	A002	EX	-156.094	-9516.529
3	C003	2	A002	CT	-78.589	-9516.529
3	C003	2	A002	DI	-34.366	-9516.529
3	C003	2	A002	SOL	0.000	-9516.529
4	A004	1	G001	ES	17.852	17.852
4	A004	1	G001	EX	0.000	17.852
4	A004	1	G001	CT	0.000	17.852
4	A004	1	G001	DI	0.000	17.852
4	A004	1	G001	SOL	0.000	17.852
4	A004	2	A002	ES	25.816	25.816
4	A004	2	A002	EX	0.000	25.816
4	A004	2	A002	CT	0.000	25.816
4	A004	2	A002	DI	0.000	25.816
4	A004	2	A002	SOL	0.000	25.816
4	A004	3	C003	ES	-9245.428	-9516.826
4	A004	3	C003	EX	-161.809	-9516.826
4	A004	3	C003	CT	-78.221	-9516.826
4	A004	3	C003	DI	-31.367	-9516.826
4	A004	3	C003	SOL	0.000	-9516.826
5	G005	1	G001	ES	18.301	18.301
5	G005	1	G001	EX	0.000	18.301
5	G005	1	G001	CT	0.000	18.301
5	G005	1	G001	DI	0.000	18.301
5	G005	1	G001	SOL	0.000	18.301
5	G005	2	A002	ES	22.124	22.124
5	G005	2	A002	EX	0.000	22.124
5	G005	2	A002	CT	0.000	22.124
5	G005	2	A002	DI	0.000	22.124
5	G005	2	A002	SOL	0.000	22.124
5	G005	3	C003	ES	30.032	30.032
5	G005	3	C003	EX	0.000	30.032
5	G005	3	C003	CT	0.000	30.032
5	G005	3	C003	DI	0.000	30.032
5	G005	3	C003	SOL	0.000	30.032
5	G005	4	A004	ES	-9237.873	-9506.328
5	G005	4	A004	EX	-154.129	-9506.328
5	G005	4	A004	CT	-78.520	-9506.328
5	G005	4	A004	DI	-35.806	-9506.328
5	G005	4	A004	SOL	0.000	-9506.328
6	C006	1	G001	ES	13.164	13.164
6	C006	1	G001	EX	0.000	13.164
6	C006	1	G001	CT	0.000	13.164
6	C006	1	G001	DI	0.000	13.164
6	C006	1	G001	SOL	0.000	13.164
6	C006	2	A002	ES	12.364	12.364
6	C006	2	A002	EX	0.000	12.364
6	C006	2	A002	CT	0.000	12.364
6	C006	2	A002	DI	0.000	12.364
6	C006	2	A002	SOL	0.000	12.364
6	C006	3	C003	ES	13.940	13.940
6	C006	3	C003	EX	0.000	13.940
6	C006	3	C003	CT	0.000	13.940
6	C006	3	C003	DI	0.000	13.940
6	C006	3	C003	SOL	0.000	13.940
6	C006	4	A004	ES	16.390	16.088
6	C006	4	A004	EX	-0.002	16.088
6	C006	4	A004	CT	-0.014	16.088
6	C006	4	A004	DI	-0.286	16.088
6	C006	4	A004	SOL	0.000	16.088
6	C006	5	G005	ES	-9286.433	-9558.339
6	C006	5	G005	EX	-157.011	-9558.339
6	C006	5	G005	CT	-78.711	-9558.339
6	C006	5	G005	DI	-36.184	-9558.339
6	C006	5	G005	SOL	0.000	-9558.339
7	U007	1	G001	ES	12.574	12.574
7	U007	1	G001	EX	0.000	12.574
7	U007	1	G001	CT	0.000	12.574
7	U007	1	G001	DI	0.000	12.574
7	U007	1	G001	SOL	0.000	12.574
7	U007	2	A002	ES	13.212	13.212
7	U007	2	A002	EX	0.000	13.212
7	U007	2	A002	CT	0.000	13.212
7	U007	2	A002	DI	0.000	13.212
7	U007	2	A002	SOL	0.000	13.212
7	U007	3	C003	ES	15.397	15.397
7	U007	3	C003	EX	0.000	15.397
7	U007	3	C003	CT	0.000	15.397
7	U007	3	C003	DI	0.000	15.397
7	U007	3	C003	SOL	0.000	15.397
7	U007	4	A004	ES	20.187	20.187
7	U007	4	A004	EX	0.000	20.187
7	U007	4	A004	CT	0.000	20.187
7	U007	4	A004	DI	0.000	20.187
7	U007	4	A004	SOL	0.000	20.187
7	U007	5	G005	ES	25.436	24.948
7	U007	5	G005	EX	0.004	24.948
7	U007	5	G005	CT	-0.072	24.948
7	U007	5	G005	DI	-0.419	24.948
7	U007	5	G005	SOL	0.000	24.948
7	U007	6	C006	ES	-9267.552	-9530.446
7	U007	6	C006	EX	-153.384	-9530.446
7	U007	6	C006	CT	-79.955	-9530.446
7	U007	6	C006	DI	-29.556	-9530.446
7	U007	6	C006	SOL	0.000	-9530.446
8	G008	1	G001	ES	11.333	11.333
8	G008	1	G001	EX	0.000	11.333
8	G008	1	G001	CT	0.000	11.333
8	G008	1	G001	DI	0.000	11.333
8	G008	1	G001	SOL	0.000	11.333
8	G008	2	A002	ES	11.694	11.694
8	G008	2	A002	EX	0.000	11.694
8	G008	2	A002	CT	0.000	11.694
8	G008	2	A002	DI	0.000	11.694
8	G008	2	A002	SOL	0.000	11.694
8	G008	3	C003	ES	13.192	13.192
8	G008	3	C003	EX	0.000	13.192
8	G008	3	C003	CT	0.000	13.192
8	G008	3	C003	DI	0.000	13.192
8	G008	3	C003	SOL	0.000	13.192
8	G008	4	A004	ES	16.303	16.303
8	G008	4	A004	EX	0.000	16.303
8	G008	4	A004	CT	0.000	16.303
8	G008	4	A004	DI	0.000	16.303
8	G008	4	A004	SOL	0.000	16.303
8	G008	5	G005	ES	20.211	20.211
8	G008	5	G005	EX	0.000	20.211
8	G008	5	G005	CT	0.000	20.211
8	G008	5	G005	DI	0.000	20.211
8	G008	5	G005	SOL	0.000	20.211
8	G008	6	C006	ES	26.691	26.691
8	G008	6	C006	EX	0.000	26.691
8	G008	6	C006	CT	0.000	26.691
8	G008	6	C006	DI	0.000	26.691
8	G008	6	C006	SOL	0.000	26.691
8	G008	7	U007	ES	-9236.390	-9500.675
8	G008	7	U007	EX	-156.806	-9500.675
8	G008	7	U007	CT	-78.414	-9500.675
8	G008	7	U007	DI	-29.065	-9500.675
8	G008	7	U007	SOL	0.000	-9500.675
9	C009	1	G001	ES	12.256	12.256
9	C009	1	G001	EX	0.000	12.256
9	C009	1	G001	CT	0.000	12.256
9	C009	1	G001	DI	0.000	12.256
9	C009	1	G001	SOL	0.000	12.256
9	C009	2	A002	ES	11.300	11.300
9	C009	2	A002	EX	0.000	11.300
9	C009	2	A002	CT	0.000	11.300
9	C009	2	A002	DI	0.000	11.300
9	C009	2	A002	SOL	0.000	11.300
9	C009	3	C003	ES	11.052	11.052
9	C009	3	C003	EX	0.000	11.052
9	C009	3	C003	CT	0.000	11.052
9	C009	3	C003	DI	0.000	11.052
9	C009	3	C003	SOL	0.000	11.052
9	C009	4	A004	ES	12.148	12.148
9	C009	4	A004	EX	0.000	12.148
9	C009	4	A004	CT	0.000	12.148
9	C009	4	A004	DI	0.000	12.148
9	C009	4	A004	SOL	0.000	12.148
9	C009	5	G005	ES	13.296	13.296
9	C009	5	G005	EX	0.000	13.296
9	C009	5	G005	CT	0.000	13.296
9	C009	5	G005	DI	0.000	13.296
9	C009	5	G005	SOL	0.000	13.296
9	C009	6	C006	ES	17.056	17.056
9	C009	6	C006	EX	0.000	17.056
9	C009	6	C006	CT	0.000	17.056
9	C009	6	C006	DI	0.000	17.056
9	C009	6	C006	SOL	0.000	17.056
9	C009	7	U007	ES	19.304	19.175
9	C009	7	U007	EX	-0.002	19.175
9	C009	7	U007	CT	-0.009	19.175
9	C009	7	U007	DI	-0.119	19.175
9	C009	7	U007	SOL	0.000	19.175
9	C009	8	G008	ES	-9265.582	-9535.924
9	C009	8	G008	EX	-156.149	-9535.924
9	C009	8	G008	CT	-79.056	-9535.924
9	C009	8	G008	DI	-35.136	-9535.924
9	C009	8	G008	SOL	0.000	-9535.924
10	U010	1	G001	ES	11.735	11.735
10	U010	1	G001	EX	0.000	11.735
10	U010	1	G001	CT	0.000	11.735
10	U010	1	G001	DI	0.000	11.735
10	U010	1	G001	SOL	0.000	11.735
10	U010	2	A002	ES	11.344	11.344
10	U010	2	A002	EX	0.000	11.344
10	U010	2	A002	CT	0.000	11.344
10	U010	2	A002	DI	0.000	11.344
10	U010	2	A002	SOL	0.000	11.344
10	U010	3	C003	ES	11.383	11.383
10	U010	3	C003	EX	0.000	11.383
10	U010	3	C003	CT	0.000	11.383
10	U010	3	C003	DI	0.000	11.383
10	U010	3	C003	SOL	0.000	11.383
10	U010	4	A004	ES	12.665	12.665
10	U010	4	A004	EX	0.000	12.665
10	U010	4	A004	CT	0.000	12.665
10	U010	4	A004	DI	0.000	12.665
10	U010	4	A004	SOL	0.000	12.665
10	U010	5	G005	ES	14.256	14.256
10	U010	5	G005	EX	0.000	14.256
10	U010	5	G005	CT	0.000	14.256
10	U010	5	G005	DI	0.000	14.256
10	U010	5	G005	SOL	0.000	14.256
10	U010	6	C006	ES	14.760	14.760
10	U010	6	C006	EX	0.000	14.760
10	U010	6	C006	CT	0.000	14.760
10	U010	6	C006	DI	0.000	14.760
10	U010	6	C006	SOL	0.000	14.760
10	U010	7	U007	ES	21.414	21.414
10	U010	7	U007	EX	0.000	21.414
10	U010	7	U007	CT	0.000	21.414
10	U010	7	U007	DI	0.000	21.414
10	U010	7	U007	SOL	0.000	21.414
10	U010	8	G008	ES	25.622	25.622
10	U010	8	G008	EX	0.000	25.622
10	U010	8	G008	CT	0.000	25.622
10	U010	8	G008	DI	0.000	25.622
10	U010	8	G008	SOL	0.000	25.622
10	U010	9	C009	ES	-9249.413	-9519.502
10	U010	9	C009	EX	-160.300	-9519.502
10	U010	9	C009	CT	-77.542	-9519.502
10	U010	9	C009	DI	-32.248	-9519.502
10	U010	9	C009	SOL	0.000	-9519.502
11	G011	1	G001	ES	10.380	10.380
11	G011	1	G001	EX	0.000	10.380
11	G011	1	G001	CT	0.000	10.380
11	G011	1	G001	DI	0.000	10.380
11	G011	1	G001	SOL	0.000	10.380
11	G011	2	A002	ES	10.097	10.097
11	G011	2	A002	EX	0.000	10.097
11	G011	2	A002	CT	0.000	10.097
11	G011	2	A002	DI	0.000	10.097
11	G011	2	A002	SOL	0.000	10.097
11	G011	3	C003	ES	10.154	10.154
11	G011	3	C003	EX	0.000	10.154
11	G011	3	C003	CT	0.000	10.154
11	G011	3	C003	DI	0.000	10.154
11	G011	3	C003	SOL	0.000	10.154
11	G011	4	A004	ES	11.271	11.271
11	G011	4	A004	EX	0.000	11.271
11	G011	4	A004	CT	0.000	11.271
11	G011	4	A004	DI	0.000	11.271
11	G011	4	A004	SOL	0.000	11.271
11	G011	5	G005	ES	12.749	12.749
11	G011	5	G005	EX	0.000	12.749
11	G011	5	G005	CT	0.000	12.749
11	G011	5	G005	DI	0.000	12.749
11	G011	5	G005	SOL	0.000	12.749
11	G011	6	C006	ES	13.167	13.167
11	G011	6	C006	EX	0.000	13.167
11	G011	6	C006	CT	0.000	13.167
11	G011	6	C006	DI	0.000	13.167
11	G011	6	C006	SOL	0.000	13.167
11	G011	7	U007	ES	19.672	19.672
11	G011	7	U007	EX	0.000	19.672
11	G011	7	U007	CT	0.000	19.672
11	G011	7	U007	DI	0.000	19.672
11	G011	7	U007	SOL	0.000	19.672
11	G011	8	G008	ES	23.710	23.710
11	G011	8	G008	EX	0.000	23.710
11	G011	8	G008	CT	0.000	23.710
11	G011	8	G008	DI	0.000	23.710
11	G011	8	G008	SOL	0.000	23.710
11	G011	9	C009	ES	29.961	29.961
11	G011	9	C009	EX	0.000	29.961
11	G011	9	C009	CT	0.000	29.961
11	G011	9	C009	DI	0.000	29.961
11	G011	9	C009	SOL	0.000	29.961
11	G011	10	U010	ES	-9231.321	-9495.834
11	G011	10	U010	EX	-157.579	-9495.834
11	G011	10	U010	CT	-76.448	-9495.834
11	G011	10	U010	DI	-30.487	-9495.834
11	G011	10	U010	SOL	0.000	-9495.834
12	U012	1	G001	ES	10.125	10.125
12	U012	1	G001	EX	0.000	10.125
12	U012	1	G001	CT	0.000	10.125
12	U012	1	G001	DI	0.000	10.125
12	U012	1	G001	SOL	0.000	10.125
12	U012	2	A002	ES	10.543	10.543
12	U012	2	A002	EX	0.000	10.543
12	U012	2	A002	CT	0.000	10.543
12	U012	2	A002	DI	0.000	10.543
12	U012	2	A002	SOL	0.000	10.543
12	U012	3	C003	ES	10.850	10.850
12	U012	3	C003	EX	0.000	10.850
12	U012	3	C003	CT	0.000	10.850
12	U012	3	C003	DI	0.000	10.850
12	U012	3	C003	SOL	0.000	10.850
12	U012	4	A004	ES	11.759	11.759
12	U012	4	A004	EX	0.000	11.759
12	U012	4	A004	CT	0.000	11.759
12	U012	4	A004	DI	0.000	11.759
12	U012	4	A004	SOL	0.000	11.759
12	U012	5	G005	ES	12.706	12.706
12	U012	5	G005	EX	0.000	12.706
12	U012	5	G005	CT	0.000	12.706
12	U012	5	G005	DI	0.000	12.706
12	U012	5	G005	SOL	0.000	12.706
12	U012	6	C006	ES	11.454	11.454
12	U012	6	C006	EX	0.000	11.454
12	U012	6	C006	CT	0.000	11.454
12	U012	6	C006	DI	0.000	11.454
12	U012	6	C006	SOL	0.000	11.454
12	U012	7	U007	ES	16.315	16.315
12	U012	7	U007	EX	0.000	16.315
12	U012	7	U007	CT	0.000	16.315
12	U012	7	U007	DI	0.000	16.315
12	U012	7	U007	SOL	0.000	16.315
12	U012	8	G008	ES	17.484	17.484
12	U012	8	G008	EX	0.000	17.484
12	U012	8	G008	CT	0.000	17.484
12	U012	8	G008	DI	0.000	17.484
12	U012	8	G008	SOL	0.000	17.484
12	U012	9	C009	ES	18.459	18.459
12	U012	9	C009	EX	0.000	18.459
12	U012	9	C009	CT	0.000	18.459
12	U012	9	C009	DI	0.000	18.459
12	U012	9	C009	SOL	0.000	18.459
12	U012	10	U010	ES	24.368	24.368
12	U012	10	U010	EX	0.000	24.368
12	U012	10	U010	CT	0.000	24.368
12	U012	10	U010	DI	0.000	24.368
12	U012	10	U010	SOL	0.000	24.368
12	U012	11	G011	ES	-9241.038	-9512.186
12	U012	11	G011	EX	-155.503	-9512.186
12	U012	11	G011	CT	-80.409	-9512.186
12	U012	11	G011	DI	-35.236	-9512.186
12	U012	11	G011	SOL	0.000	-9512.186
13	C013	1	G001	ES	0.163	0.163
13	C013	1	G001	EX	0.000	0.163
13	C013	1	G001	CT	0.000	0.163
13	C013	1	G001	DI	0.000	0.163
13	C013	1	G001	SOL	0.000	0.163
13	C013	2	A002	ES	0.452	0.452
13	C013	2	A002	EX	0.000	0.452
13	C013	2	A002	CT	0.000	0.452
13	C013	2	A002	DI	0.000	0.452
13	C013	2	A002	SOL	0.000	0.452
13	C013	3	C003	ES	0.686	0.686
13	C013	3	C003	EX	0.000	0.686
13	C013	3	C003	CT	0.000	0.686
13	C013	3	C003	DI	0.000	0.686
13	C013	3	C003	SOL	0.000	0.686
13	C013	4	A004	ES	0.804	0.804
13	C013	4	A004	EX	0.000	0.804
13	C013	4	A004	CT	0.000	0.804
13	C013	4	A004	DI	0.000	0.804
13	C013	4	A004	SOL	0.000	0.804
13	C013	5	G005	ES	0.726	0.726
13	C013	5	G005	EX	0.000	0.726
13	C013	5	G005	CT	0.000	0.726
13	C013	5	G005	DI	0.000	0.726
13	C013	5	G005	SOL	0.000	0.726
13	C013	6	C006	ES	-0.070	-0.070
13	C013	6	C006	EX	0.000	-0.070
13	C013	6	C006	CT	0.000	-0.070
13	C013	6	C006	DI	0.000	-0.070
13	C013	6	C006	SOL	0.000	-0.070
13	C013	7	U007	ES	-0.450	-0.450
13	C013	7	U007	EX	0.000	-0.450
13	C013	7	U007	CT	0.000	-0.450
13	C013	7	U007	DI	0.000	-0.450
13	C013	7	U007	SOL	0.000	-0.450
13	C013	8	G008	ES	-1.546	-1.546
13	C013	8	G008	EX	0.000	-1.546
13	C013	8	G008	CT	0.000	-1.546
13	C013	8	G008	DI	0.000	-1.546
13	C013	8	G008	SOL	0.000	-1.546
13	C013	9	C009	ES	-2.793	-2.793
13	C013	9	C009	EX	0.000	-2.793
13	C013	9	C009	CT	0.000	-2.793
13	C013	9	C009	DI	0.000	-2.793
13	C013	9	C009	SOL	0.000	-2.793
13	C013	10	U010	ES	-4.290	-4.290
13	C013	10	U010	EX	0.000	-4.290
13	C013	10	U010	CT	0.000	-4.290
13	C013	10	U010	DI	0.000	-4.290
13	C013	10	U010	SOL	0.000	-4.290
13	C013	11	G011	ES	-11.066	-11.066
13	C013	11	G011	EX	0.000	-11.066
13	C013	11	G011	CT	0.000	-11.066
13	C013	11	G011	DI	0.000	-11.066
13	C013	11	G011	SOL	0.000	-11.066
13	C013	12	U012	ES	-9295.155	-9565.826
13	C013	12	U012	EX	-159.399	-9565.826
13	C013	12	U012	CT	-80.284	-9565.826
13	C013	12	U012	DI	-30.988	-9565.826
13	C013	12	U012	SOL	0.000	-9565.826
14	G001	1	G001	ES	11.538	11.538
14	G001	1	G001	EX	0.000	11.538
14	G001	1	G001	CT	0.000	11.538
14	G001	1	G001	DI	0.000	11.538
14	G001	1	G001	SOL	0.000	11.538
14	G001	2	A002	ES	13.336	13.336
14	G001	2	A002	EX	0.000	13.336
14	G001	2	A002	CT	0.000	13.336
14	G001	2	A002	DI	0.000	13.336
14	G001	2	A002	SOL	0.000	13.336
14	G001	3	C003	ES	16.678	16.678
14	G001	3	C003	EX	0.000	16.678
14	G001	3	C003	CT	0.000	16.678
14	G001	3	C003	DI	0.000	16.678
14	G001	3	C003	SOL	0.000	16.678
14	G001	4	A004	ES	22.710	22.710
14	G001	4	A004	EX	0.000	22.710
14	G001	4	A004	CT	0.000	22.710
14	G001	4	A004	DI	0.000	22.710
14	G001	4	A004	SOL	0.000	22.710
14	G001	5	G005	ES	29.153	29.153
14	G001	5	G005	EX	0.000	29.153
14	G001	5	G005	CT	0.000	29.153
14	G001	5	G005	DI	0.000	29.153
14	G001	5	G005	SOL	0.000	29.153
14	G001	6	C006	ES	21.101	21.101
14	G001	6	C006	EX	0.000	21.101
14	G001	6	C006	CT	0.000	21.101
14	G001	6	C006	DI	0.000	21.101
14	G001	6	C006	SOL	0.000	21.101
14	G001	7	U007	ES	33.425	33.425
14	G001	7	U007	EX	0.000	33.425
14	G001	7	U007	CT	0.000	33.425
14	G001	7	U007	DI	0.000	33.425
14	G001	7	U007	SOL	0.000	33.425
14	G001	8	G008	ES	25.614	25.614
14	G001	8	G008	EX	0.000	25.614
14	G001	8	G008	CT	0.000	25.614
14	G001	8	G008	DI	0.000	25.614
14	G001	8	G008	SOL	0.000	25.614
14	G001	9	C009	ES	16.133	16.133
14	G001	9	C009	EX	0.000	16.133
14	G001	9	C009	CT	0.000	16.133
14	G001	9	C009	DI	0.000	16.133
14	G001	9	C009	SOL	0.000	16.133
14	G001	10	U010	ES	19.368	19.368
14	G001	10	U010	EX	0.000	19.368
14	G001	10	U010	CT	0.000	19.368
14	G001	10	U010	DI	0.000	19.368
14	G001	10	U010	SOL	0.000	19.368
14	G001	11	G011	ES	20.266	20.266
14	G001	11	G011	EX	0.000	20.266
14	G001	11	G011	CT	0.000	20.266
14	G001	11	G011	DI	0.000	20.266
14	G001	11	G011	SOL	0.000	20.266
14	G001	12	U012	ES	19.440	19.097
14	G001	12	U012	EX	-0.001	19.097
14	G001	12	U012	CT	-0.025	19.097
14	G001	12	U012	DI	-0.317	19.097
14	G001	12	U012	SOL	0.000	19.097
14	G001	13	C013	ES	-60.416	-51.584
14	G001	13	C013	EX	24.974	-51.584
14	G001	13	C013	CT	-8.386	-51.584
14	G001	13	C013	DI	-7.756	-51.584
14	G001	13	C013	SOL	0.000	-51.584
15	A002	1	G001	ES	13.654	13.654
15	A002	1	G001	EX	0.000	13.654
15	A002	1	G001	CT	0.000	13.654
15	A002	1	G001	DI	0.000	13.654
15	A002	1	G001	SOL	0.000	13.654
15	A002	2	A002	ES	16.791	16.791
15	A002	2	A002	EX	0.000	16.791
15	A002	2	A002	CT	0.000	16.791
15	A002	2	A002	DI	0.000	16.791
15	A002	2	A002	SOL	0.000	16.791
15	A002	3	C003	ES	20.954	20.954
15	A002	3	C003	EX	0.000	20.954
15	A002	3	C003	CT	0.000	20.954
15	A002	3	C003	DI	0.000	20.954
15	A002	3	C003	SOL	0.000	20.954
15	A002	4	A004	ES	25.628	25.628
15	A002	4	A004	EX	0.000	25.628
15	A002	4	A004	CT	0.000	25.628
15	A002	4	A004	DI	0.000	25.628
15	A002	4	A004	SOL	0.000	25.628
15	A002	5	G005	ES	26.097	26.097
15	A002	5	G005	EX	0.000	26.097
15	A002	5	G005	CT	0.000	26.097
15	A002	5	G005	DI	0.000	26.097
15	A002	5	G005	SOL	0.000	26.097
15	A002	6	C006	ES	15.606	15.606
15	A002	6	C006	EX	0.000	15.606
15	A002	6	C006	CT	0.000	15.606
15	A002	6	C006	DI	0.000	15.606
15	A002	6	C006	SOL	0.000	15.606
15	A002	7	U007	ES	23.519	23.519
15	A002	7	U007	EX	0.000	23.519
15	A002	7	U007	CT	0.000	23.519
15	A002	7	U007	DI	0.000	23.519
15	A002	7	U007	SOL	0.000	23.519
15	A002	8	G008	ES	18.926	18.926
15	A002	8	G008	EX	0.000	18.926
15	A002	8	G008	CT	0.000	18.926
15	A002	8	G008	DI	0.000	18.926
15	A002	8	G008	SOL	0.000	18.926
15	A002	9	C009	ES	13.802	13.802
15	A002	9	C009	EX	0.000	13.802
15	A002	9	C009	CT	0.000	13.802
15	A002	9	C009	DI	0.000	13.802
15	A002	9	C009	SOL	0.000	13.802
15	A002	10	U010	ES	16.938	16.938
15	A002	10	U010	EX	0.000	16.938
15	A002	10	U010	CT	0.000	16.938
15	A002	10	U010	DI	0.000	16.938
15	A002	10	U010	SOL	0.000	16.938
15	A002	11	G011	ES	11.632	10.336
15	A002	11	G011	EX	0.153	10.336
15	A002	11	G011	CT	-0.506	10.336
15	A002	11	G011	DI	-0.944	10.336
15	A002	11	G011	SOL	0.000	10.336
15	A002	12	U012	ES	-8.358	-2.984
15	A002	12	U012	EX	17.574	-2.984
15	A002	12	U012	CT	-6.272	-2.984
15	A002	12	U012	DI	-5.928	-2.984
15	A002	12	U012	SOL	0.000	-2.984
15	A002	13	C013	ES	10.152	7.798
15	A002	13	C013	EX	0.984	7.798
15	A002	13	C013	CT	-0.816	7.798
15	A002	13	C013	DI	-2.522	7.798
15	A002	13	C013	SOL	0.000	7.798
15	A002	14	G001	ES	-9256.514	-9528.185
15	A002	14	G001	EX	-156.545	-9528.185
15	A002	14	G001	CT	-79.658	-9528.185
15	A002	14	G001	DI	-35.469	-9528.185
15	A002	14	G001	SOL	0.000	-9528.185
16	C003	1	G001	ES	16.701	16.701
16	C003	1	G001	EX	0.000	16.701
16	C003	1	G001	CT	0.000	16.701
16	C003	1	G001	DI	0.000	16.701
16	C003	1	G001	SOL	0.000	16.701
16	C003	2	A002	ES	20.191	20.191
16	C003	2	A002	EX	0.000	20.191
16	C003	2	A002	CT	0.000	20.191
16	C003	2	A002	DI	0.000	20.191
16	C003	2	A002	SOL	0.000	20.191
16	C003	3	C003	ES	21.893	21.893
16	C003	3	C003	EX	0.000	21.893
16	C003	3	C003	CT	0.000	21.893
16	C003	3	C003	DI	0.000	21.893
16	C003	3	C003	SOL	0.000	21.893
16	C003	4	A004	ES	21.996	21.996
16	C003	4	A004	EX	0.000	21.996
16	C003	4	A004	CT	0.000	21.996
16	C003	4	A004	DI	0.000	21.996
16	C003	4	A004	SOL	0.000	21.996
16	C003	5	G005	ES	20.546	20.546
16	C003	5	G005	EX	0.000	20.546
16	C003	5	G005	CT	0.000	20.546
16	C003	5	G005	DI	0.000	20.546
16	C003	5	G005	SOL	0.000	20.546
16	C003	6	C006	ES	12.915	12.915
16	C003	6	C006	EX	0.000	12.915
16	C003	6	C006	CT	0.000	12.915
16	C003	6	C006	DI	0.000	12.915
16	C003	6	C006	SOL	0.000	12.915
16	C003	7	U007	ES	16.910	16.910
16	C003	7	U007	EX	0.000	16.910
16	C003	7	U007	CT	0.000	16.910
16	C003	7	U007	DI	0.000	16.910
16	C003	7	U007	SOL	0.000	16.910
16	C003	8	G008	ES	15.986	15.986
16	C003	8	G008	EX	0.000	15.986
16	C003	8	G008	CT	0.000	15.986
16	C003	8	G008	DI	0.000	15.986
16	C003	8	G008	SOL	0.000	15.986
16	C003	9	C009	ES	16.949	16.949
16	C003	9	C009	EX	0.000	16.949
16	C003	9	C009	CT	0.000	16.949
16	C003	9	C009	DI	0.000	16.949
16	C003	9	C009	SOL	0.000	16.949
16	C003	10	U010	ES	18.402	18.407
16	C003	10	U010	EX	-0.001	18.407
16	C003	10	U010	CT	-0.031	18.407
16	C003	10	U010	DI	0.037	18.407
16	C003	10	U010	SOL	0.000	18.407
16	C003	11	G011	ES	-47.147	-37.476
16	C003	11	G011	EX	26.758	-37.476
16	C003	11	G011	CT	-9.036	-37.476
16	C003	11	G011	DI	-8.051	-37.476
16	C003	11	G011	SOL	0.000	-37.476
16	C003	12	U012	ES	27.495	26.056
16	C003	12	U012	EX	0.080	26.056
16	C003	12	U012	CT	-0.430	26.056
16	C003	12	U012	DI	-1.089	26.056
16	C003	12	U012	SOL	0.000	26.056
16	C003	13	C013	ES	3.740	3.740
16	C003	13	C013	EX	0.000	3.740
16	C003	13	C013	CT	0.000	3.740
16	C003	13	C013	DI	0.000	3.740
16	C003	13	C013	SOL	0.000	3.740
16	C003	14	G001	ES	15.413	15.413
16	C003	14	G001	EX	0.000	15.413
16	C003	14	G001	CT	0.000	15.413
16	C003	14	G001	DI	0.000	15.413
16	C003	14	G001	SOL	0.000	15.413
16	C003	15	A002	ES	-9243.746	-9512.724
16	C003	15	A002	EX	-155.360	-9512.724
16	C003	15	A002	CT	-79.537	-9512.724
16	C003	15	A002	DI	-34.081	-9512.724
16	C003	15	A002	SOL	0.000	-9512.724
17	A004	1	G001	ES	21.335	21.335
17	A004	1	G001	EX	0.000	21.335
17	A004	1	G001	CT	0.000	21.335
17	A004	1	G001	DI	0.000	21.335
17	A004	1	G001	SOL	0.000	21.335
17	A004	2	A002	ES	22.676	22.676
17	A004	2	A002	EX	0.000	22.676
17	A004	2	A002	CT	0.000	22.676
17	A004	2	A002	DI	0.000	22.676
17	A004	2	A002	SOL	0.000	22.676
17	A004	3	C003	ES	20.561	20.561
17	A004	3	C003	EX	0.000	20.561
17	A004	3	C003	CT	0.000	20.561
17	A004	3	C003	DI	0.000	20.561
17	A004	3	C003	SOL	0.000	20.561
17	A004	4	A004	ES	19.864	19.864
17	A004	4	A004	EX	0.000	19.864
17	A004	4	A004	CT	0.000	19.864
17	A004	4	A004	DI	0.000	19.864
17	A004	4	A004	SOL	0.000	19.864
17	A004	5	G005	ES	19.832	19.832
17	A004	5	G005	EX	0.000	19.832
17	A004	5	G005	CT	0.000	19.832
17	A004	5	G005	DI	0.000	19.832
17	A004	5	G005	SOL	0.000	19.832
17	A004	6	C006	ES	13.681	13.681
17	A004	6	C006	EX	0.000	13.681
17	A004	6	C006	CT	0.000	13.681
17	A004	6	C006	DI	0.000	13.681
17	A004	6	C006	SOL	0.000	13.681
17	A004	7	U007	ES	17.239	17.239
17	A004	7	U007	EX	0.000	17.239
17	A004	7	U007	CT	0.000	17.239
17	A004	7	U007	DI	0.000	17.239
17	A004	7	U007	SOL	0.000	17.239
17	A004	8	G008	ES	15.874	15.874
17	A004	8	G008	EX	0.000	15.874
17	A004	8	G008	CT	0.000	15.874
17	A004	8	G008	DI	0.000	15.874
17	A004	8	G008	SOL	0.000	15.874
17	A004	9	C009	ES	20.992	20.360
17	A004	9	C009	EX	0.029	20.360
17	A004	9	C009	CT	-0.235	20.360
17	A004	9	C009	DI	-0.427	20.360
17	A004	9	C009	SOL	0.000	20.360
17	A004	10	U010	ES	-10.773	-1.882
17	A004	10	U010	EX	21.681	-1.882
17	A004	10	U010	CT	-6.853	-1.882
17	A004	10	U010	DI	-5.936	-1.882
17	A004	10	U010	SOL	0.000	-1.882
17	A004	11	G011	ES	14.581	9.315
17	A004	11	G011	EX	3.988	9.315
17	A004	11	G011	CT	-1.770	9.315
17	A004	11	G011	DI	-7.484	9.315
17	A004	11	G011	SOL	0.000	9.315
17	A004	12	U012	ES	21.083	21.083
17	A004	12	U012	EX	0.000	21.083
17	A004	12	U012	CT	0.000	21.083
17	A004	12	U012	DI	0.000	21.083
17	A004	12	U012	SOL	0.000	21.083
17	A004	13	C013	ES	0.453	0.453
17	A004	13	C013	EX	0.000	0.453
17	A004	13	C013	CT	0.000	0.453
17	A004	13	C013	DI	0.000	0.453
17	A004	13	C013	SOL	0.000	0.453
17	A004	14	G001	ES	17.135	17.135
17	A004	14	G001	EX	0.000	17.135
17	A004	14	G001	CT	0.000	17.135
17	A004	14	G001	DI	0.000	17.135
17	A004	14	G001	SOL	0.000	17.135
17	A004	15	A002	ES	25.684	25.684
17	A004	15	A002	EX	0.000	25.684
17	A004	15	A002	CT	0.000	25.684
17	A004	15	A002	DI	0.000	25.684
17	A004	15	A002	SOL	0.000	25.684
17	A004	16	C003	ES	-9237.983	-9505.488
17	A004	16	C003	EX	-156.517	-9505.488
17	A004	16	C003	CT	-79.355	-9505.488
17	A004	16	C003	DI	-31.633	-9505.488
17	A004	16	C003	SOL	0.000	-9505.488
18	G005	1	G001	ES	25.139	25.139
18	G005	1	G001	EX	0.000	25.139
18	G005	1	G001	CT	0.000	25.139
18	G005	1	G001	DI	0.000	25.139
18	G005	1	G001	SOL	0.000	25.139
18	G005	2	A002	ES	22.587	22.587
18	G005	2	A002	EX	0.000	22.587
18	G005	2	A002	CT	0.000	22.587
18	G005	2	A002	DI	0.000	22.587
18	G005	2	A002	SOL	0.000	22.587
18	G005	3	C003	ES	19.131	19.131
18	G005	3	C003	EX	0.000	19.131
18	G005	3	C003	CT	0.000	19.131
18	G005	3	C003	DI	0.000	19.131
18	G005	3	C003	SOL	0.000	19.131
18	G005	4	A004	ES	19.460	19.460
18	G005	4	A004	EX	0.000	19.460
18	G005	4	A004	CT	0.000	19.460
18	G005	4	A004	DI	0.000	19.460
18	G005	4	A004	SOL	0.000	19.460
18	G005	5	G005	ES	20.919	20.919
18	G005	5	G005	EX	0.000	20.919
18	G005	5	G005	CT	0.000	20.919
18	G005	5	G005	DI	0.000	20.919
18	G005	5	G005	SOL	0.000	20.919
18	G005	6	C006	ES	15.095	15.095
18	G005	6	C006	EX	0.000	15.095
18	G005	6	C006	CT	0.000	15.095
18	G005	6	C006	DI	0.000	15.095
18	G005	6	C006	SOL	0.000	15.095
18	G005	7	U007	ES	19.062	19.062
18	G005	7	U007	EX	0.000	19.062
18	G005	7	U007	CT	0.000	19.062
18	G005	7	U007	DI	0.000	19.062
18	G005	7	U007	SOL	0.000	19.062
18	G005	8	G008	ES	25.364	24.022
18	G005	8	G008	EX	0.256	24.022
18	G005	8	G008	CT	-0.510	24.022
18	G005	8	G008	DI	-1.088	24.022
18	G005	8	G008	SOL	0.000	24.022
18	G005	9	C009	ES	-44.411	-34.916
18	G005	9	C009	EX	25.617	-34.916
18	G005	9	C009	CT	-8.451	-34.916
18	G005	9	C009	DI	-7.671	-34.916
18	G005	9	C009	SOL	0.000	-34.916
18	G005	10	U010	ES	22.562	19.474
18	G005	10	U010	EX	1.249	19.474
18	G005	10	U010	CT	-1.050	19.474
18	G005	10	U010	DI	-3.288	19.474
18	G005	10	U010	SOL	0.000	19.474
18	G005	11	G011	ES	17.774	17.774
18	G005	11	G011	EX	0.000	17.774
18	G005	11	G011	CT	0.000	17.774
18	G005	11	G011	DI	0.000	17.774
18	G005	11	G011	SOL	0.000	17.774
18	G005	12	U012	ES	17.357	17.357
18	G005	12	U012	EX	0.000	17.357
18	G005	12	U012	CT	0.000	17.357
18	G005	12	U012	DI	0.000	17.357
18	G005	12	U012	SOL	0.000	17.357
18	G005	13	C013	ES	0.071	0.071
18	G005	13	C013	EX	0.000	0.071
18	G005	13	C013	CT	0.000	0.071
18	G005	13	C013	DI	0.000	0.071
18	G005	13	C013	SOL	0.000	0.071
18	G005	14	G001	ES	17.859	17.859
18	G005	14	G001	EX	0.000	17.859
18	G005	14	G001	CT	0.000	17.859
18	G005	14	G001	DI	0.000	17.859
18	G005	14	G001	SOL	0.000	17.859
18	G005	15	A002	ES	22.472	22.472
18	G005	15	A002	EX	0.000	22.472
18	G005	15	A002	CT	0.000	22.472
18	G005	15	A002	DI	0.000	22.472
18	G005	15	A002	SOL	0.000	22.472
18	G005	16	C003	ES	30.807	30.807
18	G005	16	C003	EX	0.000	30.807
18	G005	16	C003	CT	0.000	30.807
18	G005	16	C003	DI	0.000	30.807
18	G005	16	C003	SOL	0.000	30.807
18	G005	17	A004	ES	-9240.719	-9511.856
18	G005	17	A004	EX	-157.007	-9511.856
18	G005	17	A004	CT	-79.827	-9511.856
18	G005	17	A004	DI	-34.302	-9511.856
18	G005	17	A004	SOL	0.000	-9511.856
19	C006	1	G001	ES	24.367	24.367
19	C006	1	G001	EX	0.000	24.367
19	C006	1	G001	CT	0.000	24.367
19	C006	1	G001	DI	0.000	24.367
19	C006	1	G001	SOL	0.000	24.367
19	C006	2	A002	ES	18.071	18.071
19	C006	2	A002	EX	0.000	18.071
19	C006	2	A002	CT	0.000	18.071
19	C006	2	A002	DI	0.000	18.071
19	C006	2	A002	SOL	0.000	18.071
19	C006	3	C003	ES	14.112	14.112
19	C006	3	C003	EX	0.000	14.112
19	C006	3	C003	CT	0.000	14.112
19	C006	3	C003	DI	0.000	14.112
19	C006	3	C003	SOL	0.000	14.112
19	C006	4	A004	ES	14.478	14.478
19	C006	4	A004	EX	0.000	14.478
19	C006	4	A004	CT	0.000	14.478
19	C006	4	A004	DI	0.000	14.478
19	C006	4	A004	SOL	0.000	14.478
19	C006	5	G005	ES	15.702	15.702
19	C006	5	G005	EX	0.000	15.702
19	C006	5	G005	CT	0.000	15.702
19	C006	5	G005	DI	0.000	15.702
19	C006	5	G005	SOL	0.000	15.702
19	C006	6	C006	ES	18.516	18.516
19	C006	6	C006	EX	0.000	18.516
19	C006	6	C006	CT	0.000	18.516
19	C006	6	C006	DI	0.000	18.516
19	C006	6	C006	SOL	0.000	18.516
19	C006	7	U007	ES	18.138	18.138
19	C006	7	U007	EX	0.000	18.138
19	C006	7	U007	CT	0.000	18.138
19	C006	7	U007	DI	0.000	18.138
19	C006	7	U007	SOL	0.000	18.138
19	C006	8	G008	ES	-45.801	-37.204
19	C006	8	G008	EX	24.425	-37.204
19	C006	8	G008	CT	-8.242	-37.204
19	C006	8	G008	DI	-7.586	-37.204
19	C006	8	G008	SOL	0.000	-37.204
19	C006	9	C009	ES	39.009	38.420
19	C006	9	C009	EX	0.002	38.420
19	C006	9	C009	CT	-0.089	38.420
19	C006	9	C009	DI	-0.502	38.420
19	C006	9	C009	SOL	0.000	38.420
19	C006	10	U010	ES	22.324	22.324
19	C006	10	U010	EX	0.000	22.324
19	C006	10	U010	CT	0.000	22.324
19	C006	10	U010	DI	0.000	22.324
19	C006	10	U010	SOL	0.000	22.324
19	C006	11	G011	ES	17.518	17.518
19	C006	11	G011	EX	0.000	17.518
19	C006	11	G011	CT	0.000	17.518
19	C006	11	G011	DI	0.000	17.518
19	C006	11	G011	SOL	0.000	17.518
19	C006	12	U012	ES	13.200	13.200
19	C006	12	U012	EX	0.000	13.200
19	C006	12	U012	CT	0.000	13.200
19	C006	12	U012	DI	0.000	13.200
19	C006	12	U012	SOL	0.000	13.200
19	C006	13	C013	ES	-0.660	-0.660
19	C006	13	C013	EX	0.000	-0.660
19	C006	13	C013	CT	0.000	-0.660
19	C006	13	C013	DI	0.000	-0.660
19	C006	13	C013	SOL	0.000	-0.660
19	C006	14	G001	ES	13.092	13.092
19	C006	14	G001	EX	0.000	13.092
19	C006	14	G001	CT	0.000	13.092
19	C006	14	G001	DI	0.000	13.092
19	C006	14	G001	SOL	0.000	13.092
19	C006	15	A002	ES	13.158	13.158
19	C006	15	A002	EX	0.000	13.158
19	C006	15	A002	CT	0.000	13.158
19	C006	15	A002	DI	0.000	13.158
19	C006	15	A002	SOL	0.000	13.158
19	C006	16	C003	ES	15.565	15.565
19	C006	16	C003	EX	0.000	15.565
19	C006	16	C003	CT	0.000	15.565
19	C006	16	C003	DI	0.000	15.565
19	C006	16	C003	SOL	0.000	15.565
19	C006	17	A004	ES	21.046	21.046
19	C006	17	A004	EX	0.000	21.046
19	C006	17	A004	CT	0.000	21.046
19	C006	17	A004	DI	0.000	21.046
19	C006	17	A004	SOL	0.000	21.046
19	C006	18	G005	ES	-9256.842	-9529.498
19	C006	18	G005	EX	-157.932	-9529.498
19	C006	18	G005	CT	-79.953	-9529.498
19	C006	18	G005	DI	-34.771	-9529.498
19	C006	18	G005	SOL	0.000	-9529.498
20	U007	1	G001	ES	25.520	25.520
20	U007	1	G001	EX	0.000	25.520
20	U007	1	G001	CT	0.000	25.520
20	U007	1	G001	DI	0.000	25.520
20	U007	1	G001	SOL	0.000	25.520
20	U007	2	A002	ES	17.786	17.786
20	U007	2	A002	EX	0.000	17.786
20	U007	2	A002	CT	0.000	17.786
20	U007	2	A002	DI	0.000	17.786
20	U007	2	A002	SOL	0.000	17.786
20	U007	3	C003	ES	14.313	14.313
20	U007	3	C003	EX	0.000	14.313
20	U007	3	C003	CT	0.000	14.313
20	U007	3	C003	DI	0.000	14.313
20	U007	3	C003	SOL	0.000	14.313
20	U007	4	A004	ES	15.187	15.187
20	U007	4	A004	EX	0.000	15.187
20	U007	4	A004	CT	0.000	15.187
20	U007	4	A004	DI	0.000	15.187
20	U007	4	A004	SOL	0.000	15.187
20	U007	5	G005	ES	16.475	16.475
20	U007	5	G005	EX	0.000	16.475
20	U007	5	G005	CT	0.000	16.475
20	U007	5	G005	DI	0.000	16.475
20	U007	5	G005	SOL	0.000	16.475
20	U007	6	C006	ES	19.913	19.913
20	U007	6	C006	EX	0.000	19.913
20	U007	6	C006	CT	0.000	19.913
20	U007	6	C006	DI	0.000	19.913
20	U007	6	C006	SOL	0.000	19.913
20	U007	7	U007	ES	16.429	16.429
20	U007	7	U007	EX	0.000	16.429
20	U007	7	U007	CT	0.000	16.429
20	U007	7	U007	DI	0.000	16.429
20	U007	7	U007	SOL	0.000	16.429
20	U007	8	G008	ES	18.102	17.114
20	U007	8	G008	EX	0.861	17.114
20	U007	8	G008	CT	-0.547	17.114
20	U007	8	G008	DI	-1.302	17.114
20	U007	8	G008	SOL	0.000	17.114
20	U007	9	C009	ES	18.231	18.231
20	U007	9	C009	EX	0.000	18.231
20	U007	9	C009	CT	0.000	18.231
20	U007	9	C009	DI	0.000	18.231
20	U007	9	C009	SOL	0.000	18.231
20	U007	10	U010	ES	14.815	14.815
20	U007	10	U010	EX	0.000	14.815
20	U007	10	U010	CT	0.000	14.815
20	U007	10	U010	DI	0.000	14.815
20	U007	10	U010	SOL	0.000	14.815
20	U007	11	G011	ES	12.472	12.472
20	U007	11	G011	EX	0.000	12.472
20	U007	11	G011	CT	0.000	12.472
20	U007	11	G011	DI	0.000	12.472
20	U007	11	G011	SOL	0.000	12.472
20	U007	12	U012	ES	10.546	10.546
20	U007	12	U012	EX	0.000	10.546
20	U007	12	U012	CT	0.000	10.546
20	U007	12	U012	DI	0.000	10.546
20	U007	12	U012	SOL	0.000	10.546
20	U007	13	C013	ES	-0.237	-0.237
20	U007	13	C013	EX	0.000	-0.237
20	U007	13	C013	CT	0.000	-0.237
20	U007	13	C013	DI	0.000	-0.237
20	U007	13	C013	SOL	0.000	-0.237
20	U007	14	G001	ES	12.254	12.254
20	U007	14	G001	EX	0.000	12.254
20	U007	14	G001	CT	0.000	12.254
20	U007	14	G001	DI	0.000	12.254
20	U007	14	G001	SOL	0.000	12.254
20	U007	15	A002	ES	12.498	12.498
20	U007	15	A002	EX	0.000	12.498
20	U007	15	A002	CT	0.000	12.498
20	U007	15	A002	DI	0.000	12.498
20	U007	15	A002	SOL	0.000	12.498
20	U007	16	C003	ES	13.924	13.924
20	U007	16	C003	EX	0.000	13.924
20	U007	16	C003	CT	0.000	13.924
20	U007	16	C003	DI	0.000	13.924
20	U007	16	C003	SOL	0.000	13.924
20	U007	17	A004	ES	17.206	17.206
20	U007	17	A004	EX	0.000	17.206
20	U007	17	A004	CT	0.000	17.206
20	U007	17	A004	DI	0.000	17.206
20	U007	17	A004	SOL	0.000	17.206
20	U007	18	G005	ES	21.550	21.550
20	U007	18	G005	EX	0.000	21.550
20	U007	18	G005	CT	0.000	21.550
20	U007	18	G005	DI	0.000	21.550
20	U007	18	G005	SOL	0.000	21.550
20	U007	19	C006	ES	-9233.571	-9497.739
20	U007	19	C006	EX	-157.522	-9497.739
20	U007	19	C006	CT	-79.072	-9497.739
20	U007	19	C006	DI	-27.574	-9497.739
20	U007	19	C006	SOL	0.000	-9497.739
21	G008	1	G001	ES	24.281	24.281
21	G008	1	G001	EX	0.000	24.281
21	G008	1	G001	CT	0.000	24.281
21	G008	1	G001	DI	0.000	24.281
21	G008	1	G001	SOL	0.000	24.281
21	G008	2	A002	ES	18.616	18.616
21	G008	2	A002	EX	0.000	18.616
21	G008	2	A002	CT	0.000	18.616
21	G008	2	A002	DI	0.000	18.616
21	G008	2	A002	SOL	0.000	18.616
21	G008	3	C003	ES	15.783	15.783
21	G008	3	C003	EX	0.000	15.783
21	G008	3	C003	CT	0.000	15.783
21	G008	3	C003	DI	0.000	15.783
21	G008	3	C003	SOL	0.000	15.783
21	G008	4	A004	ES	15.944	15.944
21	G008	4	A004	EX	0.000	15.944
21	G008	4	A004	CT	0.000	15.944
21	G008	4	A004	DI	0.000	15.944
21	G008	4	A004	SOL	0.000	15.944
21	G008	5	G005	ES	24.075	23.023
21	G008	5	G005	EX	0.051	23.023
21	G008	5	G005	CT	-0.309	23.023
21	G008	5	G005	DI	-0.793	23.023
21	G008	5	G005	SOL	0.000	23.023
21	G008	6	C006	ES	-45.365	-38.570
21	G008	6	C006	EX	22.629	-38.570
21	G008	6	C006	CT	-8.106	-38.570
21	G008	6	C006	DI	-7.728	-38.570
21	G008	6	C006	SOL	0.000	-38.570
21	G008	7	U007	ES	13.901	13.901
21	G008	7	U007	EX	0.000	13.901
21	G008	7	U007	CT	0.000	13.901
21	G008	7	U007	DI	0.000	13.901
21	G008	7	U007	SOL	0.000	13.901
21	G008	8	G008	ES	13.125	13.125
21	G008	8	G008	EX	0.000	13.125
21	G008	8	G008	CT	0.000	13.125
21	G008	8	G008	DI	0.000	13.125
21	G008	8	G008	SOL	0.000	13.125
21	G008	9	C009	ES	17.351	17.351
21	G008	9	C009	EX	0.000	17.351
21	G008	9	C009	CT	0.000	17.351
21	G008	9	C009	DI	0.000	17.351
21	G008	9	C009	SOL	0.000	17.351
21	G008	10	U010	ES	13.734	13.734
21	G008	10	U010	EX	0.000	13.734
21	G008	10	U010	CT	0.000	13.734
21	G008	10	U010	DI	0.000	13.734
21	G008	10	U010	SOL	0.000	13.734
21	G008	11	G011	ES	11.547	11.547
21	G008	11	G011	EX	0.000	11.547
21	G008	11	G011	CT	0.000	11.547
21	G008	11	G011	DI	0.000	11.547
21	G008	11	G011	SOL	0.000	11.547
21	G008	12	U012	ES	9.997	9.997
21	G008	12	U012	EX	0.000	9.997
21	G008	12	U012	CT	0.000	9.997
21	G008	12	U012	DI	0.000	9.997
21	G008	12	U012	SOL	0.000	9.997
21	G008	13	C013	ES	-0.155	-0.155
21	G008	13	C013	EX	0.000	-0.155
21	G008	13	C013	CT	0.000	-0.155
21	G008	13	C013	DI	0.000	-0.155
21	G008	13	C013	SOL	0.000	-0.155
21	G008	14	G001	ES	11.693	11.693
21	G008	14	G001	EX	0.000	11.693
21	G008	14	G001	CT	0.000	11.693
21	G008	14	G001	DI	0.000	11.693
21	G008	14	G001	SOL	0.000	11.693
21	G008	15	A002	ES	12.409	12.409
21	G008	15	A002	EX	0.000	12.409
21	G008	15	A002	CT	0.000	12.409
21	G008	15	A002	DI	0.000	12.409
21	G008	15	A002	SOL	0.000	12.409
21	G008	16	C003	ES	14.159	14.159
21	G008	16	C003	EX	0.000	14.159
21	G008	16	C003	CT	0.000	14.159
21	G008	16	C003	DI	0.000	14.159
21	G008	16	C003	SOL	0.000	14.159
21	G008	17	A004	ES	17.537	17.537
21	G008	17	A004	EX	0.000	17.537
21	G008	17	A004	CT	0.000	17.537
21	G008	17	A004	DI	0.000	17.537
21	G008	17	A004	SOL	0.000	17.537
21	G008	18	G005	ES	21.168	21.168
21	G008	18	G005	EX	0.000	21.168
21	G008	18	G005	CT	0.000	21.168
21	G008	18	G005	DI	0.000	21.168
21	G008	18	G005	SOL	0.000	21.168
21	G008	19	C006	ES	28.153	27.886
21	G008	19	C006	EX	-0.001	27.886
21	G008	19	C006	CT	-0.018	27.886
21	G008	19	C006	DI	-0.248	27.886
21	G008	19	C006	SOL	0.000	27.886
21	G008	20	U007	ES	-9247.272	-9519.439
21	G008	20	U007	EX	-159.792	-9519.439
21	G008	20	U007	CT	-81.463	-9519.439
21	G008	20	U007	DI	-30.913	-9519.439
21	G008	20	U007	SOL	0.000	-9519.439
22	C009	1	G001	ES	15.977	15.977
22	C009	1	G001	EX	0.000	15.977
22	C009	1	G001	CT	0.000	15.977
22	C009	1	G001	DI	0.000	15.977
22	C009	1	G001	SOL	0.000	15.977
22	C009	2	A002	ES	13.733	13.733
22	C009	2	A002	EX	0.000	13.733
22	C009	2	A002	CT	0.000	13.733
22	C009	2	A002	DI	0.000	13.733
22	C009	2	A002	SOL	0.000	13.733
22	C009	3	C003	ES	16.618	16.618
22	C009	3	C003	EX	0.000	16.618
22	C009	3	C003	CT	0.000	16.618
22	C009	3	C003	DI	0.000	16.618
22	C009	3	C003	SOL	0.000	16.618
22	C009	4	A004	ES	20.369	19.996
22	C009	4	A004	EX	0.007	19.996
22	C009	4	A004	CT	-0.149	19.996
22	C009	4	A004	DI	-0.230	19.996
22	C009	4	A004	SOL	0.000	19.996
22	C009	5	G005	ES	-39.310	-30.848
22	C009	5	G005	EX	23.560	-30.848
22	C009	5	G005	CT	-7.663	-30.848
22	C009	5	G005	DI	-7.434	-30.848
22	C009	5	G005	SOL	0.000	-30.848
22	C009	6	C006	ES	43.022	42.276
22	C009	6	C006	EX	0.036	42.276
22	C009	6	C006	CT	-0.218	42.276
22	C009	6	C006	DI	-0.564	42.276
22	C009	6	C006	SOL	0.000	42.276
22	C009	7	U007	ES	18.592	18.592
22	C009	7	U007	EX	0.000	18.592
22	C009	7	U007	CT	0.000	18.592
22	C009	7	U007	DI	0.000	18.592
22	C009	7	U007	SOL	0.000	18.592
22	C009	8	G008	ES	17.126	17.126
22	C009	8	G008	EX	0.000	17.126
22	C009	8	G008	CT	0.000	17.126
22	C009	8	G008	DI	0.000	17.126
22	C009	8	G008	SOL	0.000	17.126
22	C009	9	C009	ES	13.951	13.951
22	C009	9	C009	EX	0.000	13.951
22	C009	9	C009	CT	0.000	13.951
22	C009	9	C009	DI	0.000	13.951
22	C009	9	C009	SOL	0.000	13.951
22	C009	10	U010	ES	11.722	11.722
22	C009	10	U010	EX	0.000	11.722
22	C009	10	U010	CT	0.000	11.722
22	C009	10	U010	DI	0.000	11.722
22	C009	10	U010	SOL	0.000	11.722
22	C009	11	G011	ES	10.297	10.297
22	C009	11	G011	EX	0.000	10.297
22	C009	11	G011	CT	0.000	10.297
22	C009	11	G011	DI	0.000	10.297
22	C009	11	G011	SOL	0.000	10.297
22	C009	12	U012	ES	9.108	9.108
22	C009	12	U012	EX	0.000	9.108
22	C009	12	U012	CT	0.000	9.108
22	C009	12	U012	DI	0.000	9.108
22	C009	12	U012	SOL	0.000	9.108
22	C009	13	C013	ES	-0.057	-0.057
22	C009	13	C013	EX	0.000	-0.057
22	C009	13	C013	CT	0.000	-0.057
22	C009	13	C013	DI	0.000	-0.057
22	C009	13	C013	SOL	0.000	-0.057
22	C009	14	G001	ES	13.274	13.274
22	C009	14	G001	EX	0.000	13.274
22	C009	14	G001	CT	0.000	13.274
22	C009	14	G001	DI	0.000	13.274
22	C009	14	G001	SOL	0.000	13.274
22	C009	15	A002	ES	12.172	12.172
22	C009	15	A002	EX	0.000	12.172
22	C009	15	A002	CT	0.000	12.172
22	C009	15	A002	DI	0.000	12.172
22	C009	15	A002	SOL	0.000	12.172
22	C009	16	C003	ES	11.595	11.595
22	C009	16	C003	EX	0.000	11.595
22	C009	16	C003	CT	0.000	11.595
22	C009	16	C003	DI	0.000	11.595
22	C009	16	C003	SOL	0.000	11.595
22	C009	17	A004	ES	12.514	12.514
22	C009	17	A004	EX	0.000	12.514
22	C009	17	A004	CT	0.000	12.514
22	C009	17	A004	DI	0.000	12.514
22	C009	17	A004	SOL	0.000	12.514
22	C009	18	G005	ES	13.586	13.586
22	C009	18	G005	EX	0.000	13.586
22	C009	18	G005	CT	0.000	13.586
22	C009	18	G005	DI	0.000	13.586
22	C009	18	G005	SOL	0.000	13.586
22	C009	19	C006	ES	16.557	16.557
22	C009	19	C006	EX	0.000	16.557
22	C009	19	C006	CT	0.000	16.557
22	C009	19	C006	DI	0.000	16.557
22	C009	19	C006	SOL	0.000	16.557
22	C009	20	U007	ES	21.171	21.092
22	C009	20	U007	EX	-0.002	21.092
22	C009	20	U007	CT	-0.009	21.092
22	C009	20	U007	DI	-0.069	21.092
22	C009	20	U007	SOL	0.000	21.092
22	C009	21	G008	ES	-9260.054	-9528.537
22	C009	21	G008	EX	-156.064	-9528.537
22	C009	21	G008	CT	-77.680	-9528.537
22	C009	21	G008	DI	-34.738	-9528.537
22	C009	21	G008	SOL	0.000	-9528.537
23	U010	1	G001	ES	18.198	18.198
23	U010	1	G001	EX	0.000	18.198
23	U010	1	G001	CT	0.000	18.198
23	U010	1	G001	DI	0.000	18.198
23	U010	1	G001	SOL	0.000	18.198
23	U010	2	A002	ES	16.092	16.092
23	U010	2	A002	EX	0.000	16.092
23	U010	2	A002	CT	0.000	16.092
23	U010	2	A002	DI	0.000	16.092
23	U010	2	A002	SOL	0.000	16.092
23	U010	3	C003	ES	17.599	17.663
23	U010	3	C003	EX	-0.002	17.663
23	U010	3	C003	CT	-0.016	17.663
23	U010	3	C003	DI	0.081	17.663
23	U010	3	C003	SOL	0.000	17.663
23	U010	4	A004	ES	-8.674	-3.196
23	U010	4	A004	EX	17.278	-3.196
23	U010	4	A004	CT	-5.971	-3.196
23	U010	4	A004	DI	-5.828	-3.196
23	U010	4	A004	SOL	0.000	-3.196
23	U010	5	G005	ES	23.314	19.567
23	U010	5	G005	EX	1.840	19.567
23	U010	5	G005	CT	-1.327	19.567
23	U010	5	G005	DI	-4.260	19.567
23	U010	5	G005	SOL	0.000	19.567
23	U010	6	C006	ES	26.855	26.855
23	U010	6	C006	EX	0.000	26.855
23	U010	6	C006	CT	0.000	26.855
23	U010	6	C006	DI	0.000	26.855
23	U010	6	C006	SOL	0.000	26.855
23	U010	7	U007	ES	15.598	15.598
23	U010	7	U007	EX	0.000	15.598
23	U010	7	U007	CT	0.000	15.598
23	U010	7	U007	DI	0.000	15.598
23	U010	7	U007	SOL	0.000	15.598
23	U010	8	G008	ES	13.833	13.833
23	U010	8	G008	EX	0.000	13.833
23	U010	8	G008	CT	0.000	13.833
23	U010	8	G008	DI	0.000	13.833
23	U010	8	G008	SOL	0.000	13.833
23	U010	9	C009	ES	11.589	11.589
23	U010	9	C009	EX	0.000	11.589
23	U010	9	C009	CT	0.000	11.589
23	U010	9	C009	DI	0.000	11.589
23	U010	9	C009	SOL	0.000	11.589
23	U010	10	U010	ES	10.371	10.371
23	U010	10	U010	EX	0.000	10.371
23	U010	10	U010	CT	0.000	10.371
23	U010	10	U010	DI	0.000	10.371
23	U010	10	U010	SOL	0.000	10.371
23	U010	11	G011	ES	9.254	9.254
23	U010	11	G011	EX	0.000	9.254
23	U010	11	G011	CT	0.000	9.254
23	U010	11	G011	DI	0.000	9.254
23	U010	11	G011	SOL	0.000	9.254
23	U010	12	U012	ES	8.583	8.583
23	U010	12	U012	EX	0.000	8.583
23	U010	12	U012	CT	0.000	8.583
23	U010	12	U012	DI	0.000	8.583
23	U010	12	U012	SOL	0.000	8.583
23	U010	13	C013	ES	0.082	0.082
23	U010	13	C013	EX	0.000	0.082
23	U010	13	C013	CT	0.000	0.082
23	U010	13	C013	DI	0.000	0.082
23	U010	13	C013	SOL	0.000	0.082
23	U010	14	G001	ES	12.759	12.759
23	U010	14	G001	EX	0.000	12.759
23	U010	14	G001	CT	0.000	12.759
23	U010	14	G001	DI	0.000	12.759
23	U010	14	G001	SOL	0.000	12.759
23	U010	15	A002	ES	12.112	12.112
23	U010	15	A002	EX	0.000	12.112
23	U010	15	A002	CT	0.000	12.112
23	U010	15	A002	DI	0.000	12.112
23	U010	15	A002	SOL	0.000	12.112
23	U010	16	C003	ES	11.675	11.675
23	U010	16	C003	EX	0.000	11.675
23	U010	16	C003	CT	0.000	11.675
23	U010	16	C003	DI	0.000	11.675
23	U010	16	C003	SOL	0.000	11.675
23	U010	17	A004	ES	12.564	12.564
23	U010	17	A004	EX	0.000	12.564
23	U010	17	A004	CT	0.000	12.564
23	U010	17	A004	DI	0.000	12.564
23	U010	17	A004	SOL	0.000	12.564
23	U010	18	G005	ES	13.761	13.761
23	U010	18	G005	EX	0.000	13.761
23	U010	18	G005	CT	0.000	13.761
23	U010	18	G005	DI	0.000	13.761
23	U010	18	G005	SOL	0.000	13.761
23	U010	19	C006	ES	14.944	14.944
23	U010	19	C006	EX	0.000	14.944
23	U010	19	C006	CT	0.000	14.944
23	U010	19	C006	DI	0.000	14.944
23	U010	19	C006	SOL	0.000	14.944
23	U010	20	U007	ES	18.906	18.906
23	U010	20	U007	EX	0.000	18.906
23	U010	20	U007	CT	0.000	18.906
23	U010	20	U007	DI	0.000	18.906
23	U010	20	U007	SOL	0.000	18.906
23	U010	21	G008	ES	23.353	23.353
23	U010	21	G008	EX	0.000	23.353
23	U010	21	G008	CT	0.000	23.353
23	U010	21	G008	DI	0.000	23.353
23	U010	21	G008	SOL	0.000	23.353
23	U010	22	C009	ES	-9242.665	-9509.437
23	U010	22	C009	EX	-157.906	-9509.437
23	U010	22	C009	CT	-77.473	-9509.437
23	U010	22	C009	DI	-31.392	-9509.437
23	U010	22	C009	SOL	0.000	-9509.437
24	G011	1	G001	ES	20.697	20.697
24	G011	1	G001	EX	0.000	20.697
24	G011	1	G001	CT	0.000	20.697
24	G011	1	G001	DI	0.000	20.697
24	G011	1	G001	SOL	0.000	20.697
24	G011	2	A002	ES	12.321	11.058
24	G011	2	A002	EX	0.155	11.058
24	G011	2	A002	CT	-0.489	11.058
24	G011	2	A002	DI	-0.928	11.058
24	G011	2	A002	SOL	0.000	11.058
24	G011	3	C003	ES	-45.568	-35.131
24	G011	3	C003	EX	27.571	-35.131
24	G011	3	C003	CT	-9.133	-35.131
24	G011	3	C003	DI	-8.001	-35.131
24	G011	3	C003	SOL	0.000	-35.131
24	G011	4	A004	ES	15.538	10.339
24	G011	4	A004	EX	3.520	10.339
24	G011	4	A004	CT	-1.739	10.339
24	G011	4	A004	DI	-6.980	10.339
24	G011	4	A004	SOL	0.000	10.339
24	G011	5	G005	ES	19.208	19.208
24	G011	5	G005	EX	0.000	19.208
24	G011	5	G005	CT	0.000	19.208
24	G011	5	G005	DI	0.000	19.208
24	G011	5	G005	SOL	0.000	19.208
24	G011	6	C006	ES	20.235	20.235
24	G011	6	C006	EX	0.000	20.235
24	G011	6	C006	CT	0.000	20.235
24	G011	6	C006	DI	0.000	20.235
24	G011	6	C006	SOL	0.000	20.235
24	G011	7	U007	ES	13.070	13.070
24	G011	7	U007	EX	0.000	13.070
24	G011	7	U007	CT	0.000	13.070
24	G011	7	U007	DI	0.000	13.070
24	G011	7	U007	SOL	0.000	13.070
24	G011	8	G008	ES	11.670	11.670
24	G011	8	G008	EX	0.000	11.670
24	G011	8	G008	CT	0.000	11.670
24	G011	8	G008	DI	0.000	11.670
24	G011	8	G008	SOL	0.000	11.670
24	G011	9	C009	ES	10.292	10.292
24	G011	9	C009	EX	0.000	10.292
24	G011	9	C009	CT	0.000	10.292
24	G011	9	C009	DI	0.000	10.292
24	G011	9	C009	SOL	0.000	10.292
24	G011	10	U010	ES	9.356	9.356
24	G011	10	U010	EX	0.000	9.356
24	G011	10	U010	CT	0.000	9.356
24	G011	10	U010	DI	0.000	9.356
24	G011	10	U010	SOL	0.000	9.356
24	G011	11	G011	ES	8.409	8.409
24	G011	11	G011	EX	0.000	8.409
24	G011	11	G011	CT	0.000	8.409
24	G011	11	G011	DI	0.000	8.409
24	G011	11	G011	SOL	0.000	8.409
24	G011	12	U012	ES	7.921	7.921
24	G011	12	U012	EX	0.000	7.921
24	G011	12	U012	CT	0.000	7.921
24	G011	12	U012	DI	0.000	7.921
24	G011	12	U012	SOL	0.000	7.921
24	G011	13	C013	ES	0.106	0.106
24	G011	13	C013	EX	0.000	0.106
24	G011	13	C013	CT	0.000	0.106
24	G011	13	C013	DI	0.000	0.106
24	G011	13	C013	SOL	0.000	0.106
24	G011	14	G001	ES	11.350	11.350
24	G011	14	G001	EX	0.000	11.350
24	G011	14	G001	CT	0.000	11.350
24	G011	14	G001	DI	0.000	11.350
24	G011	14	G001	SOL	0.000	11.350
24	G011	15	A002	ES	10.999	10.999
24	G011	15	A002	EX	0.000	10.999
24	G011	15	A002	CT	0.000	10.999
24	G011	15	A002	DI	0.000	10.999
24	G011	15	A002	SOL	0.000	10.999
24	G011	16	C003	ES	10.752	10.752
24	G011	16	C003	EX	0.000	10.752
24	G011	16	C003	CT	0.000	10.752
24	G011	16	C003	DI	0.000	10.752
24	G011	16	C003	SOL	0.000	10.752
24	G011	17	A004	ES	11.641	11.641
24	G011	17	A004	EX	0.000	11.641
24	G011	17	A004	CT	0.000	11.641
24	G011	17	A004	DI	0.000	11.641
24	G011	17	A004	SOL	0.000	11.641
24	G011	18	G005	ES	12.847	12.847
24	G011	18	G005	EX	0.000	12.847
24	G011	18	G005	CT	0.000	12.847
24	G011	18	G005	DI	0.000	12.847
24	G011	18	G005	SOL	0.000	12.847
24	G011	19	C006	ES	13.966	13.966
24	G011	19	C006	EX	0.000	13.966
24	G011	19	C006	CT	0.000	13.966
24	G011	19	C006	DI	0.000	13.966
24	G011	19	C006	SOL	0.000	13.966
24	G011	20	U007	ES	18.141	18.141
24	G011	20	U007	EX	0.000	18.141
24	G011	20	U007	CT	0.000	18.141
24	G011	20	U007	DI	0.000	18.141
24	G011	20	U007	SOL	0.000	18.141
24	G011	21	G008	ES	22.476	22.476
24	G011	21	G008	EX	0.000	22.476
24	G011	21	G008	CT	0.000	22.476
24	G011	21	G008	DI	0.000	22.476
24	G011	21	G008	SOL	0.000	22.476
24	G011	22	C009	ES	29.144	29.144
24	G011	22	C009	EX	0.000	29.144
24	G011	22	C009	CT	0.000	29.144
24	G011	22	C009	DI	0.000	29.144
24	G011	22	C009	SOL	0.000	29.144
24	G011	23	U010	ES	-9235.303	-9503.789
24	G011	23	U010	EX	-160.931	-9503.789
24	G011	23	U010	CT	-77.570	-9503.789
24	G011	23	U010	DI	-29.985	-9503.789
24	G011	23	U010	SOL	0.000	-9503.789
25	U012	1	G001	ES	19.747	19.367
25	U012	1	G001	EX	0.000	19.367
25	U012	1	G001	CT	-0.038	19.367
25	U012	1	G001	DI	-0.342	19.367
25	U012	1	G001	SOL	0.000	19.367
25	U012	2	A002	ES	-9.028	-2.491
25	U012	2	A002	EX	18.938	-2.491
25	U012	2	A002	CT	-6.475	-2.491
25	U012	2	A002	DI	-5.926	-2.491
25	U012	2	A002	SOL	0.000	-2.491
25	U012	3	C003	ES	26.761	25.331
25	U012	3	C003	EX	0.083	25.331
25	U012	3	C003	CT	-0.428	25.331
25	U012	3	C003	DI	-1.085	25.331
25	U012	3	C003	SOL	0.000	25.331
25	U012	4	A004	ES	21.268	21.268
25	U012	4	A004	EX	0.000	21.268
25	U012	4	A004	CT	0.000	21.268
25	U012	4	A004	DI	0.000	21.268
25	U012	4	A004	SOL	0.000	21.268
25	U012	5	G005	ES	17.645	17.645
25	U012	5	G005	EX	0.000	17.645
25	U012	5	G005	CT	0.000	17.645
25	U012	5	G005	DI	0.000	17.645
25	U012	5	G005	SOL	0.000	17.645
25	U012	6	C006	ES	13.939	13.939
25	U012	6	C006	EX	0.000	13.939
25	U012	6	C006	CT	0.000	13.939
25	U012	6	C006	DI	0.000	13.939
25	U012	6	C006	SOL	0.000	13.939
25	U012	7	U007	ES	11.015	11.015
25	U012	7	U007	EX	0.000	11.015
25	U012	7	U007	CT	0.000	11.015
25	U012	7	U007	DI	0.000	11.015
25	U012	7	U007	SOL	0.000	11.015
25	U012	8	G008	ES	9.845	9.845
25	U012	8	G008	EX	0.000	9.845
25	U012	8	G008	CT	0.000	9.845
25	U012	8	G008	DI	0.000	9.845
25	U012	8	G008	SOL	0.000	9.845
25	U012	9	C009	ES	8.876	8.876
25	U012	9	C009	EX	0.000	8.876
25	U012	9	C009	CT	0.000	8.876
25	U012	9	C009	DI	0.000	8.876
25	U012	9	C009	SOL	0.000	8.876
25	U012	10	U010	ES	8.438	8.438
25	U012	10	U010	EX	0.000	8.438
25	U012	10	U010	CT	0.000	8.438
25	U012	10	U010	DI	0.000	8.438
25	U012	10	U010	SOL	0.000	8.438
25	U012	11	G011	ES	7.690	7.690
25	U012	11	G011	EX	0.000	7.690
25	U012	11	G011	CT	0.000	7.690
25	U012	11	G011	DI	0.000	7.690
25	U012	11	G011	SOL	0.000	7.690
25	U012	12	U012	ES	7.580	7.580
25	U012	12	U012	EX	0.000	7.580
25	U012	12	U012	CT	0.000	7.580
25	U012	12	U012	DI	0.000	7.580
25	U012	12	U012	SOL	0.000	7.580
25	U012	13	C013	ES	0.213	0.213
25	U012	13	C013	EX	0.000	0.213
25	U012	13	C013	CT	0.000	0.213
25	U012	13	C013	DI	0.000	0.213
25	U012	13	C013	SOL	0.000	0.213
25	U012	14	G001	ES	10.610	10.610
25	U012	14	G001	EX	0.000	10.610
25	U012	14	G001	CT	0.000	10.610
25	U012	14	G001	DI	0.000	10.610
25	U012	14	G001	SOL	0.000	10.610
25	U012	15	A002	ES	11.023	11.023
25	U012	15	A002	EX	0.000	11.023
25	U012	15	A002	CT	0.000	11.023
25	U012	15	A002	DI	0.000	11.023
25	U012	15	A002	SOL	0.000	11.023
25	U012	16	C003	ES	10.947	10.947
25	U012	16	C003	EX	0.000	10.947
25	U012	16	C003	CT	0.000	10.947
25	U012	16	C003	DI	0.000	10.947
25	U012	16	C003	SOL	0.000	10.947
25	U012	17	A004	ES	11.452	11.452
25	U012	17	A004	EX	0.000	11.452
25	U012	17	A004	CT	0.000	11.452
25	U012	17	A004	DI	0.000	11.452
25	U012	17	A004	SOL	0.000	11.452
25	U012	18	G005	ES	12.120	12.120
25	U012	18	G005	EX	0.000	12.120
25	U012	18	G005	CT	0.000	12.120
25	U012	18	G005	DI	0.000	12.120
25	U012	18	G005	SOL	0.000	12.120
25	U012	19	C006	ES	12.037	12.037
25	U012	19	C006	EX	0.000	12.037
25	U012	19	C006	CT	0.000	12.037
25	U012	19	C006	DI	0.000	12.037
25	U012	19	C006	SOL	0.000	12.037
25	U012	20	U007	ES	14.507	14.507
25	U012	20	U007	EX	0.000	14.507
25	U012	20	U007	CT	0.000	14.507
25	U012	20	U007	DI	0.000	14.507
25	U012	20	U007	SOL	0.000	14.507
25	U012	21	G008	ES	16.424	16.424
25	U012	21	G008	EX	0.000	16.424
25	U012	21	G008	CT	0.000	16.424
25	U012	21	G008	DI	0.000	16.424
25	U012	21	G008	SOL	0.000	16.424
25	U012	22	C009	ES	18.189	18.189
25	U012	22	C009	EX	0.000	18.189
25	U012	22	C009	CT	0.000	18.189
25	U012	22	C009	DI	0.000	18.189
25	U012	22	C009	SOL	0.000	18.189
25	U012	23	U010	ES	23.265	23.265
25	U012	23	U010	EX	0.000	23.265
25	U012	23	U010	CT	0.000	23.265
25	U012	23	U010	DI	0.000	23.265
25	U012	23	U010	SOL	0.000	23.265
25	U012	24	G011	ES	-9237.848	-9505.557
25	U012	24	G011	EX	-153.335	-9505.557
25	U012	24	G011	CT	-79.047	-9505.557
25	U012	24	G011	DI	-35.327	-9505.557
25	U012	24	G011	SOL	0.000	-9505.557
26	C013	1	G001	ES	-56.798	-51.187
26	C013	1	G001	EX	21.000	-51.187
26	C013	1	G001	CT	-7.785	-51.187
26	C013	1	G001	DI	-7.604	-51.187
26	C013	1	G001	SOL	0.000	-51.187
26	C013	2	A002	ES	9.650	7.430
26	C013	2	A002	EX	0.821	7.430
26	C013	2	A002	CT	-0.767	7.430
26	C013	2	A002	DI	-2.273	7.430
26	C013	2	A002	SOL	0.000	7.430
26	C013	3	C003	ES	2.949	2.949
26	C013	3	C003	EX	0.000	2.949
26	C013	3	C003	CT	0.000	2.949
26	C013	3	C003	DI	0.000	2.949
26	C013	3	C003	SOL	0.000	2.949
26	C013	4	A004	ES	0.138	0.138
26	C013	4	A004	EX	0.000	0.138
26	C013	4	A004	CT	0.000	0.138
26	C013	4	A004	DI	0.000	0.138
26	C013	4	A004	SOL	0.000	0.138
26	C013	5	G005	ES	-0.174	-0.174
26	C013	5	G005	EX	0.000	-0.174
26	C013	5	G005	CT	0.000	-0.174
26	C013	5	G005	DI	0.000	-0.174
26	C013	5	G005	SOL	0.000	-0.174
26	C013	6	C006	ES	-0.980	-0.980
26	C013	6	C006	EX	0.000	-0.980
26	C013	6	C006	CT	0.000	-0.980
26	C013	6	C006	DI	0.000	-0.980
26	C013	6	C006	SOL	0.000	-0.980
26	C013	7	U007	ES	-0.243	-0.243
26	C013	7	U007	EX	0.000	-0.243
26	C013	7	U007	CT	0.000	-0.243
26	C013	7	U007	DI	0.000	-0.243
26	C013	7	U007	SOL	0.000	-0.243
26	C013	8	G008	ES	-0.223	-0.223
26	C013	8	G008	EX	0.000	-0.223
26	C013	8	G008	CT	0.000	-0.223
26	C013	8	G008	DI	0.000	-0.223
26	C013	8	G008	SOL	0.000	-0.223
26	C013	9	C009	ES	-0.097	-0.097
26	C013	9	C009	EX	0.000	-0.097
26	C013	9	C009	CT	0.000	-0.097
26	C013	9	C009	DI	0.000	-0.097
26	C013	9	C009	SOL	0.000	-0.097
26	C013	10	U010	ES	0.015	0.015
26	C013	10	U010	EX	0.000	0.015
26	C013	10	U010	CT	0.000	0.015
26	C013	10	U010	DI	0.000	0.015
26	C013	10	U010	SOL	0.000	0.015
26	C013	11	G011	ES	0.027	0.027
26	C013	11	G011	EX	0.000	0.027
26	C013	11	G011	CT	0.000	0.027
26	C013	11	G011	DI	0.000	0.027
26	C013	11	G011	SOL	0.000	0.027
26	C013	12	U012	ES	0.117	0.117
26	C013	12	U012	EX	0.000	0.117
26	C013	12	U012	CT	0.000	0.117
26	C013	12	U012	DI	0.000	0.117
26	C013	12	U012	SOL	0.000	0.117
26	C013	13	C013	ES	0.027	0.027
26	C013	13	C013	EX	0.000	0.027
26	C013	13	C013	CT	0.000	0.027
26	C013	13	C013	DI	0.000	0.027
26	C013	13	C013	SOL	0.000	0.027
26	C013	14	G001	ES	-0.034	-0.034
26	C013	14	G001	EX	0.000	-0.034
26	C013	14	G001	CT	0.000	-0.034
26	C013	14	G001	DI	0.000	-0.034
26	C013	14	G001	SOL	0.000	-0.034
26	C013	15	A002	ES	0.253	0.253
26	C013	15	A002	EX	0.000	0.253
26	C013	15	A002	CT	0.000	0.253
26	C013	15	A002	DI	0.000	0.253
26	C013	15	A002	SOL	0.000	0.253
26	C013	16	C003	ES	0.472	0.472
26	C013	16	C003	EX	0.000	0.472
26	C013	16	C003	CT	0.000	0.472
26	C013	16	C003	DI	0.000	0.472
26	C013	16	C003	SOL	0.000	0.472
26	C013	17	A004	ES	0.542	0.542
26	C013	17	A004	EX	0.000	0.542
26	C013	17	A004	CT	0.000	0.542
26	C013	17	A004	DI	0.000	0.542
26	C013	17	A004	SOL	0.000	0.542
26	C013	18	G005	ES	0.490	0.490
26	C013	18	G005	EX	0.000	0.490
26	C013	18	G005	CT	0.000	0.490
26	C013	18	G005	DI	0.000	0.490
26	C013	18	G005	SOL	0.000	0.490
26	C013	19	C006	ES	0.121	0.121
26	C013	19	C006	EX	0.000	0.121
26	C013	19	C006	CT	0.000	0.121
26	C013	19	C006	DI	0.000	0.121
26	C013	19	C006	SOL	0.000	0.121
26	C013	20	U007	ES	-0.419	-0.419
26	C013	20	U007	EX	0.000	-0.419
26	C013	20	U007	CT	0.000	-0.419
26	C013	20	U007	DI	0.000	-0.419
26	C013	20	U007	SOL	0.000	-0.419
26	C013	21	G008	ES	-1.082	-1.082
26	C013	21	G008	EX	0.000	-1.082
26	C013	21	G008	CT	0.000	-1.082
26	C013	21	G008	DI	0.000	-1.082
26	C013	21	G008	SOL	0.000	-1.082
26	C013	22	C009	ES	-2.441	-2.441
26	C013	22	C009	EX	0.000	-2.441
26	C013	22	C009	CT	0.000	-2.441
26	C013	22	C009	DI	0.000	-2.441
26	C013	22	C009	SOL	0.000	-2.441
26	C013	23	U010	ES	-3.229	-3.229
26	C013	23	U010	EX	0.000	-3.229
26	C013	23	U010	CT	0.000	-3.229
26	C013	23	U010	DI	0.000	-3.229
26	C013	23	U010	SOL	0.000	-3.229
26	C013	24	G011	ES	-10.595	-10.595
26	C013	24	G011	EX	0.000	-10.595
26	C013	24	G011	CT	0.000	-10.595
26	C013	24	G011	DI	0.000	-10.595
26	C013	24	G011	SOL	0.000	-10.595
26	C013	25	U012	ES	-9283.383	-9549.046
26	C013	25	U012	EX	-156.163	-9549.046
26	C013	25	U012	CT	-78.635	-9549.046
26	C013	25	U012	DI	-30.864	-9549.046
26	C013	25	U012	SOL	0.000	-9549.046
27	UNK001	1	G001	ES	-1.397	-1.397
27	UNK001	1	G001	EX	0.000	-1.397
27	UNK001	1	G001	CT	0.000	-1.397
27	UNK001	1	G001	DI	0.000	-1.397
27	UNK001	1	G001	SOL	0.000	-1.397
27	UNK001	2	A002	ES	-0.624	-0.624
27	UNK001	2	A002	EX	0.000	-0.624
27	UNK001	2	A002	CT	0.000	-0.624
27	UNK001	2	A002	DI	0.000	-0.624
27	UNK001	2	A002	SOL	0.000	-0.624
27	UNK001	3	C003	ES	1.351	1.351
27	UNK001	3	C003	EX	0.000	1.351
27	UNK001	3	C003	CT	0.000	1.351
27	UNK001	3	C003	DI	0.000	1.351
27	UNK001	3	C003	SOL	0.000	1.351
27	UNK001	4	A004	ES	4.733	4.633
27	UNK001	4	A004	EX	-0.001	4.633
27	UNK001	4	A004	CT	-0.021	4.633
27	UNK001	4	A004	DI	-0.078	4.633
27	UNK001	4	A004	SOL	0.000	4.633
27	UNK001	5	G005	ES	-0.130	-0.792
27	UNK001	5	G005	EX	0.001	-0.792
27	UNK001	5	G005	CT	-0.070	-0.792
27	UNK001	5	G005	DI	-0.593	-0.792
27	UNK001	5	G005	SOL	0.000	-0.792
27	UNK001	6	C006	ES	1.451	-4.283
27	UNK001	6	C006	EX	5.070	-4.283
27	UNK001	6	C006	CT	-2.483	-4.283
27	UNK001	6	C006	DI	-8.321	-4.283
27	UNK001	6	C006	SOL	0.000	-4.283
27	UNK001	7	U007	ES	-1.330	-6.515
27	UNK001	7	U007	EX	1.803	-6.515
27	UNK001	7	U007	CT	-1.805	-6.515
27	UNK001	7	U007	DI	-5.183	-6.515
27	UNK001	7	U007	SOL	0.000	-6.515
27	UNK001	8	G008	ES	-2.537	-5.135
27	UNK001	8	G008	EX	5.228	-5.135
27	UNK001	8	G008	CT	-1.404	-5.135
27	UNK001	8	G008	DI	-6.423	-5.135
27	UNK001	8	G008	SOL	0.000	-5.135
27	UNK001	9	C009	ES	-0.026	-0.026
27	UNK001	9	C009	EX	0.000	-0.026
27	UNK001	9	C009	CT	0.000	-0.026
27	UNK001	9	C009	DI	0.000	-0.026
27	UNK001	9	C009	SOL	0.000	-0.026
27	UNK001	10	U010	ES	0.018	0.018
27	UNK001	10	U010	EX	0.000	0.018
27	UNK001	10	U010	CT	0.000	0.018
27	UNK001	10	U010	DI	0.000	0.018
27	UNK001	10	U010	SOL	0.000	0.018
27	UNK001	11	G011	ES	0.002	0.002
27	UNK001	11	G011	EX	0.000	0.002
27	UNK001	11	G011	CT	0.000	0.002
27	UNK001	11	G011	DI	0.000	0.002
27	UNK001	11	G011	SOL	0.000	0.002
27	UNK001	12	U012	ES	0.022	0.022
27	UNK001	12	U012	EX	0.000	0.022
27	UNK001	12	U012	CT	0.000	0.022
27	UNK001	12	U012	DI	0.000	0.022
27	UNK001	12	U012	SOL	0.000	0.022
27	UNK001	13	C013	ES	0.043	0.043
27	UNK001	13	C013	EX	0.000	0.043
27	UNK001	13	C013	CT	0.000	0.043
27	UNK001	13	C013	DI	0.000	0.043
27	UNK001	13	C013	SOL	0.000	0.043
27	UNK001	14	G001	ES	0.665	0.665
27	UNK001	14	G001	EX	0.000	0.665
27	UNK001	14	G001	CT	0.000	0.665
27	UNK001	14	G001	DI	0.000	0.665
27	UNK001	14	G001	SOL	0.000	0.665
27	UNK001	15	A002	ES	0.983	0.983
27	UNK001	15	A002	EX	0.000	0.983
27	UNK001	15	A002	CT	0.000	0.983
27	UNK001	15	A002	DI	0.000	0.983
27	UNK001	15	A002	SOL	0.000	0.983
27	UNK001	16	C003	ES	0.021	0.021
27	UNK001	16	C003	EX	0.000	0.021
27	UNK001	16	C003	CT	0.000	0.021
27	UNK001	16	C003	DI	0.000	0.021
27	UNK001	16	C003	SOL	0.000	0.021
27	UNK001	17	A004	ES	-1.476	-1.476
27	UNK001	17	A004	EX	0.000	-1.476
27	UNK001	17	A004	CT	0.000	-1.476
27	UNK001	17	A004	DI	0.000	-1.476
27	UNK001	17	A004	SOL	0.000	-1.476
27	UNK001	18	G005	ES	-1.565	-2.011
27	UNK001	18	G005	EX	-0.001	-2.011
27	UNK001	18	G005	CT	-0.025	-2.011
27	UNK001	18	G005	DI	-0.421	-2.011
27	UNK001	18	G005	SOL	0.000	-2.011
27	UNK001	19	C006	ES	-5.509	-11.087
27	UNK001	19	C006	EX	9.290	-11.087
27	UNK001	19	C006	CT	-4.635	-11.087
27	UNK001	19	C006	DI	-10.234	-11.087
27	UNK001	19	C006	SOL	0.000	-11.087
27	UNK001	20	U007	ES	-4.378	-2.346
27	UNK001	20	U007	EX	7.258	-2.346
27	UNK001	20	U007	CT	0.631	-2.346
27	UNK001	20	U007	DI	-5.857	-2.346
27	UNK001	20	U007	SOL	0.000	-2.346
27	UNK001	21	G008	ES	-4.012	-8.242
27	UNK001	21	G008	EX	5.359	-8.242
27	UNK001	21	G008	CT	-1.553	-8.242
27	UNK001	21	G008	DI	-8.036	-8.242
27	UNK001	21	G008	SOL	0.000	-8.242
27	UNK001	22	C009	ES	0.425	0.425
27	UNK001	22	C009	EX	0.000	0.425
27	UNK001	22	C009	CT	0.000	0.425
27	UNK001	22	C009	DI	0.000	0.425
27	UNK001	22	C009	SOL	0.000	0.425
27	UNK001	23	U010	ES	0.111	0.111
27	UNK001	23	U010	EX	0.000	0.111
27	UNK001	23	U010	CT	0.000	0.111
27	UNK001	23	U010	DI	0.000	0.111
27	UNK001	23	U010	SOL	0.000	0.111
27	UNK001	24	G011	ES	-0.056	-0.056
27	UNK001	24	G011	EX	0.000	-0.056
27	UNK001	24	G011	CT	0.000	-0.056
27	UNK001	24	G011	DI	0.000	-0.056
27	UNK001	24	G011	SOL	0.000	-0.056
27	UNK001	25	U012	ES	0.059	0.059
27	UNK001	25	U012	EX	0.000	0.059
27	UNK001	25	U012	CT	0.000	0.059
27	UNK001	25	U012	DI	0.000	0.059
27	UNK001	25	U012	SOL	0.000	0.059
27	UNK001	26	C013	ES	-0.033	-0.033
27	UNK001	26	C013	EX	0.000	-0.033
27	UNK001	26	C013	CT	0.000	-0.033
27	UNK001	26	C013	DI	0.000	-0.033
27	UNK001	26	C013	SOL	0.000	-0.033
